Unit,LST,daylight,weekend,RH,Temp,PM25_raw,PM25_RH_T_corrected,PM25_MDE
33,2020-03-10 00:00:00,0,FALSE,31.9460696666667,17.5638713518519,8.28555525925926,8.07212165494969,7
33,2020-03-10 01:00:00,0,FALSE,32.2840335925926,18.5380777962963,6.35540725925926,6.19702869239271,7
33,2020-03-10 02:00:00,0,FALSE,33.459214462963,19.1946071296296,6.44407927777778,6.20750549828507,9
33,2020-03-10 03:00:00,0,FALSE,36.0457928333333,19.0281238888889,6.12721003703704,5.691973912187,8
33,2020-03-10 04:00:00,0,FALSE,37.7628564444444,19.0284535555556,6.01176827777778,5.44954990633147,9
33,2020-03-10 05:00:00,1,FALSE,39.5896487407407,18.9419444259259,6.1511575,5.42595199957637,7
33,2020-03-10 06:00:00,1,FALSE,40.6517587777778,19.1438492407407,6.16395214814815,5.35669258175493,8
33,2020-03-10 07:00:00,1,FALSE,41.3415341296296,19.3779646296296,7.3858402962963,6.35899847634384,10
33,2020-03-10 08:00:00,1,FALSE,43.4601316481481,19.6894855925926,8.85363185185185,7.38855749991144,8
33,2020-03-10 09:00:00,1,FALSE,46.2870728888889,19.9061372592593,10.5960177592593,8.46422660494813,10
33,2020-03-10 10:00:00,1,FALSE,45.2246750185185,20.9270019259259,10.2728312962963,8.38389739400458,9
33,2020-03-10 11:00:00,1,FALSE,45.0745617777778,21.6826606851852,8.76544418518518,7.19256694712263,6
33,2020-03-10 12:00:00,1,FALSE,44.1060473333333,22.6552715185185,5.09147561111111,4.25732630644693,8
33,2020-03-10 13:00:00,1,FALSE,42.5247308148148,23.923512962963,5.11820246296296,4.40411957660154,6
33,2020-03-10 14:00:00,1,FALSE,38.390294037037,26.3523273148148,4.22406988888889,3.8904045729991,8
33,2020-03-10 15:00:00,1,FALSE,31.4286037777778,29.7029878703704,2.31164105555556,2.35099554917376,7
33,2020-03-10 16:00:00,1,FALSE,30.4420105740741,29.6918295740741,2.74781983333333,2.82942630524686,7
33,2020-03-10 17:00:00,1,FALSE,35.0812185740741,27.1392375740741,2.93789622222222,2.83992376431464,5
33,2020-03-10 18:00:00,1,FALSE,36.978883462963,26.3625715740741,2.74026337037037,2.57589171193287,6
33,2020-03-10 19:00:00,1,FALSE,38.6194990740741,25.7353501111111,3.06474711111111,2.80979725654089,7
33,2020-03-10 20:00:00,0,FALSE,40.2285829814815,25.3418302962963,3.53798981481481,3.16436446675977,7
33,2020-03-10 21:00:00,0,FALSE,44.481234537037,24.4507706666667,2.77816644444444,2.32202728674594,6
33,2020-03-10 22:00:00,0,FALSE,51.0970023703704,22.4266553888889,0.268497462962963,0.200344725340374,4
33,2020-03-10 23:00:00,0,FALSE,46.2057863518518,20.9818478888889,0.334986685185185,0.269206745032505,4
33,2020-03-11 00:00:00,0,FALSE,45.0545319814815,19.378667962963,2.67818766666667,2.17640471379027,1
33,2020-03-11 01:00:00,0,FALSE,45.3616048888889,18.0488926481481,4.63701857407407,3.72454720695374,0
33,2020-03-11 02:00:00,0,FALSE,46.6446203148148,16.6775454444444,4.45077303703704,3.47532841032517,4
33,2020-03-11 03:00:00,0,FALSE,48.468222962963,15.5506194814815,3.12749198148148,2.35466356960551,5
33,2020-03-11 04:00:00,0,FALSE,47.8580449259259,14.3610322592593,3.68352714814815,2.7790729322916,0
33,2020-03-11 05:00:00,1,FALSE,49.1551213518519,13.2713425555556,3.9180602037037,2.87211885916836,2
33,2020-03-11 06:00:00,1,FALSE,48.5655632037037,12.5203190740741,4.29708722222222,3.16291057602636,3
33,2020-03-11 07:00:00,1,FALSE,49.387680537037,11.927885037037,5.7881202962963,4.18461455769766,3
33,2020-03-11 08:00:00,1,FALSE,41.9005797407407,15.2702563518519,6.31299383333333,5.26520169217454,4
33,2020-03-11 09:00:00,1,FALSE,33.6026888113208,18.9531291132075,4.68789232075472,4.50175154186482,9
33,2020-03-11 10:00:00,1,FALSE,33.8082390740741,18.0848154259259,3.82886435185185,3.65024695196571,2
33,2020-03-11 11:00:00,1,FALSE,33.0545432222222,18.6008433333333,4.11711788888889,3.97546576210274,2
33,2020-03-11 12:00:00,1,FALSE,28.3413567592593,20.937619537037,3.75634881481481,3.88875688175382,2
33,2020-03-11 13:00:00,1,FALSE,30.0161264259259,19.9722073148148,4.55258564814815,4.60014836523976,5
33,2020-03-11 14:00:00,1,FALSE,31.8696856481481,18.6593932592593,3.49332181481481,3.42669744281583,5
33,2020-03-11 15:00:00,1,FALSE,35.6811560925926,18.0726372592593,6.69722987037037,6.2225598737059,7
33,2020-03-11 16:00:00,1,FALSE,35.8986703333333,17.8196762222222,7.44810835185185,6.88974905406407,9
33,2020-03-11 17:00:00,1,FALSE,37.2108819444444,17.6847481111111,7.75895811111111,7.03971208966337,6
33,2020-03-11 18:00:00,1,FALSE,36.5830331666667,17.4301679444444,6.52708051851852,5.96685955260608,3
33,2020-03-11 19:00:00,1,FALSE,35.0395078333333,17.0784593333333,5.49625724074074,5.12395923893054,3
33,2020-03-11 20:00:00,0,FALSE,36.3748863518519,16.4489857592593,7.648661,6.97290509709145,4
33,2020-03-11 21:00:00,0,FALSE,39.5815468703704,15.0244547962963,9.66257227777778,8.3330226326656,7
33,2020-03-11 22:00:00,0,FALSE,41.4307536481481,14.5417932777778,12.6203568148148,10.5506924264578,7
33,2020-03-11 23:00:00,0,FALSE,44.376624462963,13.9129529814815,13.4874026296296,10.7254279533834,9
33,2020-03-12 00:00:00,0,FALSE,48.4261452777778,13.0111451666667,17.3248823518519,12.8277240005291,9
33,2020-03-12 01:00:00,0,FALSE,49.6269406296296,12.8438956111111,16.9153311851852,12.265825720295,9
33,2020-03-12 02:00:00,0,FALSE,51.3555938703704,12.4179266851852,18.3493463703704,12.8905224676762,9
33,2020-03-12 03:00:00,0,FALSE,51.6796405185185,12.8621263518519,19.8603951296296,13.9232838456861,6
33,2020-03-12 04:00:00,0,FALSE,50.9643071111111,13.4418240185185,20.8502560555556,14.8540175035776,7
33,2020-03-12 05:00:00,1,FALSE,51.3923772777778,13.6662147777778,22.0608650925926,15.63040562929,7
33,2020-03-12 06:00:00,1,FALSE,51.8018611296296,13.7679515,24.7655361851852,17.4403842198887,15
33,2020-03-12 07:00:00,1,FALSE,52.0334262592593,13.8544541111111,28.9896205740741,20.3490040456871,11
33,2020-03-12 08:00:00,1,FALSE,52.2451404814815,14.2192787222222,33.6276741851852,23.5812725667898,13
33,2020-03-12 09:00:00,1,FALSE,50.3479160555556,15.5111102962963,32.947009962963,24.0467638221188,10
33,2020-03-12 10:00:00,1,FALSE,40.4205457962963,19.4732600740741,21.1797238333333,18.4997959984905,7
33,2020-03-12 11:00:00,1,FALSE,35.8217749814815,21.156187,11.4550360925926,10.7782581240274,7
33,2020-03-12 12:00:00,1,FALSE,29.106374325,23.01675215,34.6321290173077,35.8077428278001,25
33,2020-03-12 13:00:00,1,FALSE,27.7803921871135,25.2305231798002,53.5456306194992,56.578301319237,27
33,2020-03-12 14:00:00,1,FALSE,27.4122422414272,26.1455553518437,42.834309775993,45.5383999619048,21
33,2020-03-12 15:00:00,1,FALSE,31.3987369594768,23.2701735562045,41.3113162330005,41.5576786155727,19
33,2020-03-12 16:00:00,1,FALSE,33.0502477939574,22.032422160637,17.3531581845799,17.0140370137067,6
33,2020-03-12 17:00:00,1,FALSE,34.6326754975049,20.9547535193492,13.2761619327742,12.6885272752403,6
33,2020-03-12 18:00:00,1,FALSE,37.9641939343519,20.24766637939,9.22701933039639,8.38786028794476,5
33,2020-03-12 19:00:00,1,FALSE,42.655726502434,19.294666117269,7.42741766455126,6.26449660627576,4
33,2020-03-12 20:00:00,0,FALSE,46.416895687068,18.0299674073443,3.62464188619126,2.86242410664449,3
33,2020-03-12 21:00:00,0,FALSE,51.9550049868143,17.1243915573331,3.35006124869033,2.40428117263997,1
33,2020-03-12 22:00:00,0,FALSE,56.59391105865,16.7033141520763,6.95261212934587,4.60480719994835,6
33,2020-03-12 23:00:00,0,FALSE,60.2921743697048,16.4836332075163,11.8158896244092,7.34018876539725,5
33,2020-03-13 00:00:00,0,FALSE,63.151699415361,16.3021586573675,12.4659347925662,7.3676841736529,6
33,2020-03-13 01:00:00,0,FALSE,64.9362752502925,16.0760597210438,10.9488091164801,6.26841937817988,6
33,2020-03-13 02:00:00,0,FALSE,66.2997310946133,15.9133079071729,9.46719023028217,5.29033062452862,3
33,2020-03-13 03:00:00,0,FALSE,66.3886907773423,15.7655852121212,8.50861954508041,4.74309240337521,1
33,2020-03-13 04:00:00,0,FALSE,66.8097626306245,15.8274630457191,8.08647219962351,4.477290106171,1
33,2020-03-13 05:00:00,1,FALSE,67.02061122275,15.7714253865801,5.70595731556205,3.14682669567692,3
33,2020-03-13 06:00:00,1,FALSE,66.9862526303589,16.2704484992401,12.6006179643227,6.97476621945845,4
33,2020-03-13 07:00:00,1,FALSE,66.665287965942,16.6924494879859,20.6241510853017,11.5076674271978,4
33,2020-03-13 08:00:00,1,FALSE,65.9235479679168,17.5333107433626,25.2974849939666,14.3640217157857,5
33,2020-03-13 09:00:00,1,FALSE,62.8745295149055,19.3550532581782,29.9466964903168,18.0819737726124,10
33,2020-03-13 10:00:00,1,FALSE,57.4579189158747,21.9859771599446,26.9721152245285,18.0601771178683,12
33,2020-03-13 11:00:00,1,FALSE,48.5839963386601,25.5953183490547,15.3716154373836,12.0620372543911,8
33,2020-03-13 12:00:00,1,FALSE,38.5276536024694,28.8918707411991,2.33882575172037,2.15662261550096,3
33,2020-03-13 13:00:00,1,FALSE,32.3833535574416,30.4332273729384,1.16736801354718,1.1728802643236,3
33,2020-03-13 14:00:00,1,FALSE,25.9639158571912,30.7550268399393,0.531255830184595,0.576232494026744,1
33,2020-03-13 15:00:00,1,FALSE,24.4820951510968,29.5711404775055,0.794008022648956,0.874531140679506,1
33,2020-03-13 16:00:00,1,FALSE,19.8680077392796,28.2137605350772,0.299148401593503,0.343307968975945,2
33,2020-03-13 17:00:00,1,FALSE,15.7124573254388,27.1076874259816,0.103768915021433,0.122436412242793,2
33,2020-03-13 18:00:00,1,FALSE,18.1995679033736,25.6034745736901,0.150716005980861,0.17446244345224,3
33,2020-03-13 19:00:00,1,FALSE,18.5367744511988,23.9512694738928,0.0834039948827902,0.0959075818488803,3
33,2020-03-13 20:00:00,0,FALSE,18.7165603159545,22.495130807095,0.00834470615639685,0.00953839161191,2
33,2020-03-13 21:00:00,0,FALSE,20.1203932736572,21.1475352300793,0.0440667592896135,0.0495658396808787,1
33,2020-03-13 22:00:00,0,FALSE,21.6779144940588,19.9023154715096,0.228322978209771,0.252056864516095,0
33,2020-03-13 23:00:00,0,FALSE,22.6114447632352,18.6309839880417,0.426731713218787,0.464216649296228,0
33,2020-03-14 00:00:00,0,TRUE,21.6493507007934,17.995150608642,0.362768308100159,0.396773991248516,0
33,2020-03-14 01:00:00,0,TRUE,21.8643946373016,17.2164890002646,0.163717857339574,0.177950223685226,0
33,2020-03-14 02:00:00,0,TRUE,22.962762607925,16.0520209877246,0.130768600277766,0.139733615741718,4
33,2020-03-14 03:00:00,0,TRUE,23.4546819481609,14.960712094265,0.349256776962497,0.36886835254827,2
33,2020-03-14 04:00:00,0,TRUE,26.260132756099,13.9923179410893,1.04619125240166,1.06649708436001,1
33,2020-03-14 05:00:00,1,TRUE,29.3585787652364,13.2497516334803,1.58258564978355,1.54888481339158,1
33,2020-03-14 06:00:00,1,TRUE,31.0788133808089,12.7186331995337,1.58799500240112,1.51568532092747,1
33,2020-03-14 07:00:00,1,TRUE,31.2486928405863,12.2737895082251,1.79539140056198,1.70426205637206,3
33,2020-03-14 08:00:00,1,TRUE,24.1771571647404,16.4378472479388,1.73334688575318,1.83471048826031,4
33,2020-03-14 09:00:00,1,TRUE,19.2397527798701,20.6717124950938,2.58655384326784,2.92393479955458,3
33,2020-03-14 10:00:00,1,TRUE,18.1396205104576,20.9750741172588,2.08803974557909,2.38290790172613,2
33,2020-03-14 11:00:00,1,TRUE,17.9800018636364,20.6832431179654,1.9899964829086,2.27081240626516,0
33,2020-03-14 12:00:00,1,TRUE,17.1870256619158,22.1503528635341,2.10621511317324,2.43075791781565,0
33,2020-03-14 13:00:00,1,TRUE,15.5396994065427,25.1440352568984,2.17589371129467,2.5602555915936,7
33,2020-03-14 14:00:00,1,TRUE,14.9549117829143,26.0016813207746,2.65900673584497,3.14497915119419,7
33,2020-03-14 15:00:00,1,TRUE,15.6432364347133,23.5976790282048,2.15284301314426,2.52105866876122,4
33,2020-03-14 16:00:00,1,TRUE,16.708416911244,22.5970078517468,2.72413099208626,3.15883108882865,4
33,2020-03-14 17:00:00,1,TRUE,17.2330229999279,21.0607796467267,2.89284672925285,3.32344342960183,2
33,2020-03-14 18:00:00,1,TRUE,20.4682942891421,19.335035891051,2.90898459029741,3.23630604137355,0
33,2020-03-14 19:00:00,1,TRUE,30.9024308795891,17.1299623133482,1.52460548783069,1.50148652177976,2
33,2020-03-14 20:00:00,0,TRUE,33.3263353846544,15.9771095930736,1.71600349911479,1.62659119501128,3
33,2020-03-14 21:00:00,0,TRUE,32.6946868264965,15.7394139790715,2.15504583387736,2.05681948282205,2
33,2020-03-14 22:00:00,0,TRUE,41.6561753731777,14.0614396787121,3.62759555950684,3.01235185877378,3
33,2020-03-14 23:00:00,0,TRUE,51.6685305641207,11.8172764266706,4.39209415512519,3.05543203933382,2
33,2020-03-15 00:00:00,0,TRUE,55.9392034348176,10.6651213317715,5.9274882484644,3.80384512725668,2
33,2020-03-15 01:00:00,0,TRUE,58.1036465334508,10.2789550841927,7.85436435538165,4.84370592677756,4
33,2020-03-15 02:00:00,0,TRUE,60.4353388773454,9.92900149492493,7.82418864278114,4.62410540459898,5
33,2020-03-15 03:00:00,0,TRUE,59.9459713993956,9.73180676069182,6.19428572795444,3.68530124620045,3
33,2020-03-15 04:00:00,0,TRUE,59.6170043669716,9.76008292505241,6.95115021922901,4.15979914794656,0
33,2020-03-15 05:00:00,1,TRUE,59.965349591268,9.9446059469697,7.48675086424529,4.46079318455727,2
33,2020-03-15 06:00:00,1,TRUE,60.9172018422418,10.1988300932217,9.14485760062383,5.37257726517978,2
33,2020-03-15 07:00:00,1,TRUE,60.2703512692219,10.1382653179654,9.57794191196088,5.68645017801857,2
33,2020-03-15 08:00:00,1,TRUE,59.4787382022619,10.3725719466712,10.2395996807258,6.17368332945463,1
33,2020-03-15 09:00:00,1,TRUE,56.7823622692018,11.5123853238545,7.72715570760029,4.9219008701401,0
33,2020-03-15 10:00:00,1,TRUE,51.998797923707,13.0196057387446,7.85691689136477,5.48536324765674,6
33,2020-03-15 11:00:00,1,TRUE,42.5543231608076,15.7904503154395,4.47686053543975,3.70868957550172,4
33,2020-03-15 12:00:00,1,TRUE,33.7681822251231,18.9933461527328,3.14337982890897,3.01248006996517,1
33,2020-03-15 13:00:00,1,TRUE,31.3870990775385,19.4849730259664,3.48274754790048,3.45155398410553,5
33,2020-03-15 14:00:00,1,TRUE,30.5743065619699,19.323007620424,3.03564001360021,3.03697974712144,2
33,2020-03-15 15:00:00,1,TRUE,29.5691056001158,19.7258737572479,3.23997991879109,3.2879354656687,1
33,2020-03-15 16:00:00,1,TRUE,30.4519934163464,20.2721245689641,4.79199224337527,4.82265095170815,4
33,2020-03-15 17:00:00,1,TRUE,29.2713243166667,20.7882006333333,4.8819046574389,4.99558447052875,5
33,2020-03-15 18:00:00,1,TRUE,29.3184608166667,20.0868729333333,5.28425865108945,5.38764927306042,4
33,2020-03-15 19:00:00,1,TRUE,35.5324061833333,16.23772865,6.06590411682987,5.5885970615383,8
33,2020-03-15 20:00:00,0,TRUE,39.2586957666667,14.4171611833333,8.81105677976395,7.60427251871791,8
33,2020-03-15 21:00:00,0,TRUE,42.4095908833333,13.42636775,23.6147336702833,19.2973726864757,21
33,2020-03-15 22:00:00,0,TRUE,42.4220253,12.7260117,14.9859444618527,12.181376681403,9
33,2020-03-15 23:00:00,0,TRUE,43.26943235,12.0083546166667,18.1391070610075,14.4732578676706,11
33,2020-03-16 00:00:00,0,FALSE,38.1138499333333,11.9539161666667,9.75509669327485,8.41015029942813,7
33,2020-03-16 01:00:00,0,FALSE,32.64773255,11.98460195,4.62432294099005,4.30167932886326,4
33,2020-03-16 02:00:00,0,FALSE,31.53920858038,10.4848949451747,3.16543105461515,2.95164190298118,2
33,2020-03-16 03:00:00,0,FALSE,30.7647578196149,9.54101964718227,2.27965187985723,2.12966346251969,1
33,2020-03-16 04:00:00,0,FALSE,29.9949870151515,8.81619866060606,1.87109828580573,1.75367143903369,2
33,2020-03-16 05:00:00,1,FALSE,28.7067591230983,8.52600607421584,1.4742378771751,1.39968056319487,2
33,2020-03-16 06:00:00,1,FALSE,28.9180042682293,8.25604684529305,1.66972679224852,1.57752382226943,2
33,2020-03-16 07:00:00,1,FALSE,31.6626527534959,8.01653049655493,2.77344079370774,2.52759110950108,2
33,2020-03-16 08:00:00,1,FALSE,30.663595330286,12.0346708813671,3.72024474934778,3.5509843528348,6
33,2020-03-16 09:00:00,1,FALSE,27.9510869242757,16.8861198106076,3.83809685826032,3.91108257546443,5
33,2020-03-16 10:00:00,1,FALSE,27.4438837479034,18.3175799793869,2.84712336727283,2.9413972924111,4
33,2020-03-16 11:00:00,1,FALSE,28.4346516795823,17.907030917643,2.98587852204272,3.04309839154835,3
33,2020-03-16 12:00:00,1,FALSE,26.7504040322858,19.3460153266453,2.85862455079826,2.99178501848684,3
33,2020-03-16 13:00:00,1,FALSE,24.9515993504509,21.1589020703133,2.96089390084263,3.18466691195474,2
33,2020-03-16 14:00:00,1,FALSE,23.4211685580376,23.0638425861878,2.69131742191142,2.96002976471294,4
33,2020-03-16 15:00:00,1,FALSE,23.6844521831398,22.7324852305757,2.22249412427446,2.43544673518866,4
33,2020-03-16 16:00:00,1,FALSE,25.3393261447997,21.7143081403134,2.71667582395841,2.91664043665402,6
33,2020-03-16 17:00:00,1,FALSE,31.6836475424533,18.6198091108883,2.13773557237189,2.1015489423106,3
33,2020-03-16 18:00:00,1,FALSE,38.0157677936591,16.1565991465506,1.92288652135559,1.70918953976447,2
33,2020-03-16 19:00:00,1,FALSE,41.1898750326674,14.4610764879407,2.07063257994702,1.73647495183404,2
33,2020-03-16 20:00:00,0,FALSE,45.6512498353789,13.7112868940991,3.14656102770316,2.4486841172047,7
33,2020-03-16 21:00:00,0,FALSE,47.6436601672882,13.3565024805532,2.87478158103406,2.16119293850415,5
33,2020-03-16 22:00:00,0,FALSE,47.188120153359,12.9346570335738,1.90871190534047,1.4411076927358,4
33,2020-03-16 23:00:00,0,FALSE,46.7064409315192,12.7733188681287,1.78929088049585,1.35985017024782,5
33,2020-03-17 00:00:00,0,FALSE,47.6736029621662,12.7386512232323,1.78006658637071,1.33153732772399,3
33,2020-03-17 01:00:00,0,FALSE,48.7735474853999,12.6727957691358,2.04783141451835,1.50393101022687,2
33,2020-03-17 02:00:00,0,FALSE,50.332879999882,12.5877091166667,1.68990999501744,1.20895324483898,4
33,2020-03-17 03:00:00,0,FALSE,50.8455197582285,12.4893508890572,1.56527443323033,1.10953470689791,3
33,2020-03-17 04:00:00,0,FALSE,51.7225217450111,12.4374656071429,2.50641878768064,1.75034485983447,3
33,2020-03-17 05:00:00,1,FALSE,52.9533189698261,12.46944895,3.29885251272468,2.25754011362258,3
33,2020-03-17 06:00:00,1,FALSE,53.5514325532315,12.4873635469697,7.4036569320828,5.01688555014339,5
33,2020-03-17 07:00:00,1,FALSE,55.5659436943235,12.4596265596491,7.28057723508762,4.76830497790716,6
33,2020-03-17 08:00:00,1,FALSE,56.2899022689292,12.6680329027403,7.5909041104405,4.91885034870583,5
33,2020-03-17 09:00:00,1,FALSE,55.8654529563935,13.2524149541646,7.59424437881461,4.97770755396262,4
33,2020-03-17 10:00:00,1,FALSE,51.351098369697,15.1226580181818,5.4057980513834,3.87087554486096,3
33,2020-03-17 11:00:00,1,FALSE,44.1586329074074,18.038585037037,9.19012181481481,7.52304161052615,1
33,2020-03-17 12:00:00,1,FALSE,36.5247011666667,22.0277618333333,10.4479825555556,9.7669513771523,5
33,2020-03-17 13:00:00,1,FALSE,33.9119796666667,24.3498253703704,12.5432557962963,12.2482417913747,4
33,2020-03-17 14:00:00,1,FALSE,36.1970297407407,26.7587594444444,10.3008048148148,9.79769422873523,6
33,2020-03-17 15:00:00,1,FALSE,37.4833723703704,26.4416481666667,9.29282424074074,8.67361646981948,9
33,2020-03-17 16:00:00,1,FALSE,37.9976902407407,24.9050423888889,6.88078568518519,6.35390277565362,6
33,2020-03-17 17:00:00,1,FALSE,37.3255092592593,23.5691601851852,4.19423412962963,3.89651728901714,5
33,2020-03-17 18:00:00,1,FALSE,36.7549159444444,22.8853384444444,0.603400814814815,0.563931106105278,1
33,2020-03-17 19:00:00,1,FALSE,36.5260906666667,21.7339695740741,0.544771425925926,0.50868701800918,0
33,2020-03-17 20:00:00,0,FALSE,36.4927454444444,20.2998831851852,1.54091864814815,1.43100591382734,0
33,2020-03-17 21:00:00,0,FALSE,36.3991547962963,18.4555028888889,4.2470175,3.91429965659735,0
33,2020-03-17 22:00:00,0,FALSE,36.1410538518519,17.0421341296296,7.60222257407407,6.9778328166697,3
33,2020-03-17 23:00:00,0,FALSE,36.1234345925926,16.2040947037037,10.2925400925926,9.40258126630898,5
33,2020-03-18 00:00:00,0,FALSE,36.0131647407407,15.221159037037,10.6960038148148,9.72590568975433,5
33,2020-03-18 01:00:00,0,FALSE,36.175272,14.3614316851852,11.1137357592593,10.0252045514336,4
33,2020-03-18 02:00:00,0,FALSE,36.1519025925926,13.4080516111111,12.0379696481481,10.7902659075624,6
33,2020-03-18 03:00:00,0,FALSE,36.0871980185185,12.3965627962963,10.1272938888889,9.01850136114806,8
33,2020-03-18 04:00:00,0,FALSE,35.8723604074074,11.5221295,9.23914475925926,8.19705288746747,6
33,2020-03-18 05:00:00,1,FALSE,35.7402062222222,10.8861043148148,10.2569642592593,9.07082026820281,4
33,2020-03-18 06:00:00,1,FALSE,35.6031452777778,10.240827,10.6636541111111,9.39871985692656,5
33,2020-03-18 07:00:00,1,FALSE,35.2876934259259,9.85567840740741,11.0381137962963,9.74006301048378,4
33,2020-03-18 08:00:00,1,FALSE,31.8207912592593,15.5466878518519,9.49120677777778,9.1507771485958,3
33,2020-03-18 09:00:00,1,FALSE,32.6455737777778,19.8123038703704,7.74516244444445,7.56381093320044,3
33,2020-03-18 10:00:00,1,FALSE,32.2419396296296,20.4843207037037,6.97887557407407,6.87221741617105,3
33,2020-03-18 11:00:00,1,FALSE,33.2883968888889,19.6822635,8.05610472222222,7.79626781617022,3
33,2020-03-18 12:00:00,1,FALSE,33.8395691666667,21.4519869814815,8.96548037037037,8.67886739347738,6
33,2020-03-18 13:00:00,1,FALSE,34.281810462963,23.7312487962963,10.769001537037,10.4448620901611,4
33,2020-03-18 14:00:00,1,FALSE,35.0815464814815,23.1057622777778,9.61694518518519,9.20795833334718,4
33,2020-03-18 15:00:00,1,FALSE,34.9777405,22.9611697407407,9.93477872222222,9.52138365731547,5
33,2020-03-18 16:00:00,1,FALSE,35.2397703333333,22.5790623888889,10.3264213148148,9.84820608684322,7
33,2020-03-18 17:00:00,1,FALSE,35.0030252407407,20.2592836296296,11.0049335555556,10.4331213755248,6
33,2020-03-18 18:00:00,1,FALSE,35.0273321666667,19.0363937962963,10.4811748518519,9.87612122892271,6
33,2020-03-18 19:00:00,1,FALSE,35.0302430555556,17.9939432037037,12.4525064074074,11.6699573795755,6
33,2020-03-18 20:00:00,0,FALSE,35.198762,17.2020279814815,13.2134717037037,12.3000876786495,9
33,2020-03-18 21:00:00,0,FALSE,35.4616952407407,15.7317132777778,18.1518901666667,16.6876461702854,8
33,2020-03-18 22:00:00,0,FALSE,35.3134948148148,14.552978537037,18.0099622777778,16.4642417645728,8
33,2020-03-18 23:00:00,0,FALSE,35.3427464259259,14.2311062222222,16.7608410185185,15.282592937703,6
33,2020-03-19 00:00:00,0,FALSE,35.476332,13.8152384444444,4.63712042592593,4.20813146551636,6
33,2020-03-19 01:00:00,0,FALSE,35.5057968703704,13.712794462963,0.0963551296296296,0.0873422554962087,6
33,2020-03-19 02:00:00,0,FALSE,35.3702792592593,13.9274527222222,0.48012262962963,0.436691053919692,6
33,2020-03-19 03:00:00,0,FALSE,35.3434039074074,14.195214037037,0.0185185185185185,0.0168809297020148,4
33,2020-03-19 04:00:00,0,FALSE,35.3738690925926,14.365009537037,0.0274010185185185,0.0249964475656598,2
33,2020-03-19 05:00:00,1,FALSE,35.409437462963,14.7023937037037,0.0217061111111111,0.0198366632884596,4
33,2020-03-19 06:00:00,1,FALSE,35.4717477407407,15.1108981481481,0.105134925925926,0.0962565737433997,3
33,2020-03-19 07:00:00,1,FALSE,35.5680842222222,15.4322075,17.2896740740741,15.841300265882,7
33,2020-03-19 08:00:00,1,FALSE,35.6024151296296,16.0800181666667,20.5221721296296,18.8706720423371,8
33,2020-03-19 09:00:00,1,FALSE,35.6567856666667,17.1234671111111,26.5908986111111,24.5846971150687,8
33,2020-03-19 10:00:00,1,FALSE,35.6420252777778,18.7997537407407,33.3593170740741,31.1297157089383,13
33,2020-03-19 11:00:00,1,FALSE,35.7032918888889,21.4321924259259,33.2998106666667,31.4192572690125,14
33,2020-03-19 12:00:00,1,FALSE,35.791454537037,24.4491674074074,32.1648851666667,30.6159833139925,14
33,2020-03-19 13:00:00,1,FALSE,35.7382422777778,29.4312809074074,30.0532956111111,28.8505960999037,16
33,2020-03-19 14:00:00,1,FALSE,37.6458471296296,26.7999337777778,30.508966962963,28.426712405014,17
33,2020-03-19 15:00:00,1,FALSE,37.6037387407407,24.3177056481481,31.6189865,29.3202915083507,14
33,2020-03-19 16:00:00,1,FALSE,37.3096163333333,23.893728462963,31.2062364814815,29.0257917619094,14
33,2020-03-19 17:00:00,1,FALSE,37.3304980925926,24.2155640555556,27.8626686666667,25.9317198960501,11
33,2020-03-19 18:00:00,1,FALSE,37.3759453518518,21.8507824259259,24.9355847777778,23.0132099031657,9
33,2020-03-19 19:00:00,1,FALSE,36.9234857407407,20.4837808333333,29.5982253148148,27.3412479554645,13
33,2020-03-19 20:00:00,0,FALSE,36.8008638888889,19.7043334444444,37.5368203703704,34.6127409247404,15
33,2020-03-19 21:00:00,0,FALSE,36.7475985740741,18.9530605185185,38.3720205740741,35.2809716208143,17
33,2020-03-19 22:00:00,0,FALSE,36.8227595555555,18.8663235,35.6981058703704,32.7730552390032,14
33,2020-03-19 23:00:00,0,FALSE,37.5581948518518,19.1371488888889,35.2595270740741,32.0740222092713,14
33,2020-03-20 00:00:00,0,FALSE,42.9547389583333,19.0050065416667,34.4158333541667,28.8519022794286,14
33,2020-03-20 01:00:00,0,FALSE,40.0790632407407,18.8020437962963,33.2838610740741,29.1253930012872,11
33,2020-03-20 02:00:00,0,FALSE,39.8534648710283,18.4944918210406,33.3114923857932,29.2020488299588,12
33,2020-03-20 03:00:00,0,FALSE,39.4178645317933,18.7469648866231,34.28635580455,30.2915965491772,15
33,2020-03-20 04:00:00,0,FALSE,39.2484705768799,18.7219588681818,34.3244392218074,30.3976562489452,12
33,2020-03-20 05:00:00,1,FALSE,39.1215899446252,18.7632377109015,35.6447090018406,31.6328634627908,12
33,2020-03-20 06:00:00,1,FALSE,39.1936016913885,18.5546534714044,35.0695400398385,31.0560782907926,16
33,2020-03-20 07:00:00,1,FALSE,39.072535519774,18.5875927861295,36.0919025818537,32.024157104005,12
33,2020-03-20 08:00:00,1,FALSE,39.4360678249707,19.8848961774622,36.5412699814622,32.4538259698383,20
33,2020-03-20 09:00:00,1,FALSE,39.1263960092158,23.2292417525053,34.1664053056721,30.8855524329828,19
33,2020-03-20 10:00:00,1,FALSE,41.8128349138009,26.3112494002011,29.5460238988226,25.8496231953654,15
33,2020-03-20 11:00:00,1,FALSE,48.8067273210719,28.1632678417251,19.0493440483968,14.9545474430249,10
33,2020-03-20 12:00:00,1,FALSE,46.4442575746775,29.4319072456824,18.5639516143733,15.1559587723575,10
33,2020-03-20 13:00:00,1,FALSE,45.0865115660466,30.0030153389405,17.282933746395,14.4217901763387,11
33,2020-03-20 14:00:00,1,FALSE,41.8115630686636,31.1715210543516,11.4544285896644,10.0584532938251,10
33,2020-03-20 15:00:00,1,FALSE,36.4485318299816,33.1331987697914,4.74825619958186,4.50650513974635,7
33,2020-03-20 16:00:00,1,FALSE,33.0747862639483,33.7814169805344,3.1154539659421,3.09406797236683,6
33,2020-03-20 17:00:00,1,FALSE,32.4115781237612,34.1122076555934,3.28662322835865,3.29089314757522,5
33,2020-03-20 18:00:00,1,FALSE,35.2851068421482,32.3420315899058,3.57709789168192,3.45359479999793,5
33,2020-03-20 19:00:00,1,FALSE,37.3875961368776,31.0295015107297,4.2738715508478,4.00851206237985,4
33,2020-03-20 20:00:00,0,FALSE,37.8206644255373,29.896575638943,3.6380241030891,3.39093211909206,3
33,2020-03-20 21:00:00,0,FALSE,37.1271581189179,28.8568827151012,1.76831129709768,1.66394821084661,2
33,2020-03-20 22:00:00,0,FALSE,38.3195670656554,27.4226499511256,1.09367889992738,1.01004106287701,0
33,2020-03-20 23:00:00,0,FALSE,40.2104404854056,26.3594955135901,1.02518245399129,0.919079774285412,4
33,2020-03-21 00:00:00,0,TRUE,41.6502318628656,25.751039701333,1.31532266320836,1.15236614036078,5
33,2020-03-21 01:00:00,0,TRUE,42.9432922037251,25.2295081920295,1.65143323767714,1.41665999540564,4
33,2020-03-21 02:00:00,0,TRUE,44.0115281074872,24.2458796440956,1.99864461101671,1.68195248389038,2
33,2020-03-21 03:00:00,0,TRUE,42.8198124299203,22.2002819020691,0.988775104860094,0.842191798813963,0
33,2020-03-21 04:00:00,0,TRUE,43.7404510679012,19.53064381827,1.07724610410947,0.894382830797961,2
33,2020-03-21 05:00:00,1,TRUE,39.4704533824201,17.6351434076548,0.399924421604938,0.350972505336956,4
33,2020-03-21 06:00:00,1,TRUE,39.2320558839913,16.3285822613078,0.286952660973938,0.250812844279117,0
33,2020-03-21 07:00:00,1,TRUE,38.773837241358,15.7798980574395,0.565537622302854,0.495985210195126,3
33,2020-03-21 08:00:00,1,TRUE,38.0844619902619,15.358396504785,0.610216206369773,0.539148409610579,3
33,2020-03-21 09:00:00,1,TRUE,35.10689317425,16.4871994597505,0.445000272092578,0.413033293478851,2
33,2020-03-21 10:00:00,1,TRUE,31.0242424662365,17.6087658505265,0.94916615580547,0.935870121891039,2
33,2020-03-21 11:00:00,1,TRUE,27.1158967787124,19.3611557890402,2.35887187180485,2.45891758385265,4
33,2020-03-21 12:00:00,1,TRUE,27.2181988240766,19.1984389884683,4.56310389131428,4.74742064106849,4
33,2020-03-21 13:00:00,1,TRUE,28.0226196254598,17.9768147964584,4.48375066284312,4.59332711614579,5
33,2020-03-21 14:00:00,1,TRUE,26.2551328696241,19.3864102424896,3.80490329718731,4.00458814883314,5
33,2020-03-21 15:00:00,1,TRUE,25.1405781235209,20.1102182730315,2.95202730392832,3.15464593185494,5
33,2020-03-21 16:00:00,1,TRUE,24.3921397753709,20.8789595746613,2.99676851913812,3.23796017994817,7
33,2020-03-21 17:00:00,1,TRUE,25.6380796910402,19.4648091204556,3.65185805910274,3.8705094010746,4
33,2020-03-21 18:00:00,1,TRUE,27.3138196438922,17.5919264683139,4.75849642488412,4.90399289292008,0
33,2020-03-21 19:00:00,1,TRUE,28.4779302495708,16.1984091130621,4.9847274127831,5.02784702631219,3
33,2020-03-21 20:00:00,0,TRUE,28.6682067467844,15.4120529779874,5.37637713397073,5.38419781886128,6
33,2020-03-21 21:00:00,0,TRUE,28.8687603916034,14.7323984167342,5.23261243848808,5.20461497150258,4
33,2020-03-21 22:00:00,0,TRUE,29.9095686932914,13.874298541763,5.12768272661488,5.00730884765345,5
33,2020-03-21 23:00:00,0,TRUE,30.7810140412239,13.050188994335,4.51547014478285,4.33658283461435,4
33,2020-03-22 00:00:00,0,TRUE,31.0893736439227,12.4815741604895,3.71675392043019,3.54076175732382,2
33,2020-03-22 01:00:00,0,TRUE,30.873767799471,11.9302240994911,3.15560623082905,3.00171782731184,3
33,2020-03-22 02:00:00,0,TRUE,31.5819408484925,11.2629581070474,3.5133149645635,3.29490692129984,3
33,2020-03-22 03:00:00,0,TRUE,31.8234150168524,10.5039787577094,3.41403331473973,3.17239191011885,3
33,2020-03-22 04:00:00,0,TRUE,32.8646498275099,9.33859094933165,2.90222357573599,2.63457347932255,1
33,2020-03-22 05:00:00,1,TRUE,32.9461089561087,8.41936893019881,2.42363398851999,2.18013056224696,2
33,2020-03-22 06:00:00,1,TRUE,34.349366796981,7.51332032692976,2.4359664935914,2.13283422248562,4
33,2020-03-22 07:00:00,1,TRUE,35.4529740814475,7.02824531583025,2.28279297043662,1.95977399074935,3
33,2020-03-22 08:00:00,1,TRUE,28.7585026333329,11.0462867234149,2.43135774992299,2.35668240703549,2
33,2020-03-22 09:00:00,1,TRUE,23.1832953090289,14.767318455412,2.23799590066347,2.36681446777263,1
33,2020-03-22 10:00:00,1,TRUE,21.1672310644522,16.5117706770396,2.40956680502497,2.62434915161812,3
33,2020-03-22 11:00:00,1,TRUE,23.0697782924393,15.9920432498341,3.57849202844098,3.8185204241851,5
33,2020-03-22 12:00:00,1,TRUE,23.4511322684007,17.3470176166864,3.78227597467717,4.05363014917093,4
33,2020-03-22 13:00:00,1,TRUE,22.3417996543619,19.6397675930557,3.66983515824393,4.02212528608844,1
33,2020-03-22 14:00:00,1,TRUE,22.7814392262422,20.5565147565416,6.0004576057818,6.576910825604,2
33,2020-03-22 15:00:00,1,TRUE,26.1135736035828,20.4231526539073,6.2757122080434,6.64688947668979,3
33,2020-03-22 16:00:00,1,TRUE,35.1686336141509,17.5547414118287,3.94819679854198,3.6841341828445,4
33,2020-03-22 17:00:00,1,TRUE,39.9910578727613,14.6438960787973,4.28417563392177,3.66289958229775,5
33,2020-03-22 18:00:00,1,TRUE,42.7355049824888,13.362145691928,4.24509103844496,3.4499563348154,6
33,2020-03-22 19:00:00,1,TRUE,43.1807922792256,13.0525869230769,4.17080863641975,3.35868809892899,4
33,2020-03-22 20:00:00,0,TRUE,42.7152253147151,12.7790578323964,3.65545553661632,2.95907561395909,2
33,2020-03-22 21:00:00,0,TRUE,44.1721938097902,12.2898918923077,3.86265741128527,3.04532249212621,3
33,2020-03-22 22:00:00,0,TRUE,46.0132823518518,11.9968842592593,4.21636085185185,3.22129584602572,8
33,2020-03-22 23:00:00,0,TRUE,48.2589147777778,11.6415899814815,3.85520383333333,2.83273963953442,7
33,2020-03-23 00:00:00,0,FALSE,53.5123126481482,11.0816727407407,4.90042396296296,3.28674582167707,6
33,2020-03-23 01:00:00,0,FALSE,52.2473456481481,11.3326788148148,3.87386735185185,2.65899082388917,6
33,2020-03-23 02:00:00,0,FALSE,54.0193124782609,10.8569649347826,4.76793723602484,3.1651053621657,4
33,2020-03-23 03:00:00,0,FALSE,56.9782367962963,10.183315462963,4.88111544444445,3.06564136119139,2
33,2020-03-23 04:00:00,0,FALSE,58.1610192777778,9.99192596296296,4.89495237037037,3.00851998780897,1
33,2020-03-23 05:00:00,1,FALSE,59.9664744074074,9.73825127777778,4.88189727777778,2.90363914145587,1
33,2020-03-23 06:00:00,1,FALSE,62.2508078888889,9.40907724074074,4.83534087037037,2.75845402652692,2
33,2020-03-23 07:00:00,1,FALSE,62.1792440555556,9.43873318518518,4.74429511111111,2.71050746761749,3
33,2020-03-23 08:00:00,1,FALSE,63.9461693703704,9.4940442037037,4.10582924074074,2.27720809994271,2
33,2020-03-23 09:00:00,1,FALSE,65.0901958333333,9.84570812962963,2.55323622222222,1.39289911383228,1
33,2020-03-23 10:00:00,1,FALSE,64.9767423888889,11.0007678148148,1.31668231481481,0.726580283001852,2
33,2020-03-23 11:00:00,1,FALSE,63.6866350555556,12.153828,0.300513351851852,0.171058371467231,1
33,2020-03-23 12:00:00,1,FALSE,62.5725127222222,12.6205369259259,0.0925925925925926,0.053905912929299,0
33,2020-03-23 13:00:00,1,FALSE,62.586027462963,12.9931535925926,0.077333537037037,0.0451361841099753,0
33,2020-03-23 14:00:00,1,FALSE,61.3727666111111,13.6064592592593,0.308375648148148,0.184560392869475,0
33,2020-03-23 15:00:00,1,FALSE,59.1766696111111,13.8864208518519,0.266657185185185,0.165996418327711,0
33,2020-03-23 16:00:00,1,FALSE,58.849911,14.219670462963,0.115407407407407,0.0724091818891545,0
33,2020-03-23 17:00:00,1,FALSE,54.9832466851852,15.1778232962963,0.16666637037037,0.112355699855396,0
33,2020-03-23 18:00:00,1,FALSE,55.5491216111111,14.1234547777778,0.521124055555556,0.345523458834137,0
33,2020-03-23 19:00:00,1,FALSE,56.401390462963,13.4017491111111,4.654528,3.02661971518432,0
33,2020-03-23 20:00:00,0,FALSE,56.2742545925926,13.2586913333333,8.45990061111111,5.50722311862896,1
33,2020-03-23 21:00:00,0,FALSE,56.2685063888889,12.8483292222222,7.60030564814815,4.93331251886495,2
33,2020-03-23 22:00:00,0,FALSE,56.9026464259259,12.2843356296296,10.1286085555556,6.47692449786315,1
33,2020-03-23 23:00:00,0,FALSE,59.3534291851852,11.5289767592593,17.1761716851852,10.47514057643,3
33,2020-03-24 00:00:00,0,FALSE,59.8268216296296,11.7427730925926,17.512947462963,10.612625358532,4
33,2020-03-24 01:00:00,0,FALSE,59.1108261111111,11.9697988703704,15.3853238148148,9.45408789818697,4
33,2020-03-24 02:00:00,0,FALSE,60.6632475185185,11.2884532777778,10.8765725555556,6.47475201178245,5
33,2020-03-24 03:00:00,0,FALSE,61.1030108333333,11.1130824259259,12.3499420925926,7.28679658384571,3
33,2020-03-24 04:00:00,0,FALSE,61.6752321111111,10.7575174444444,17.2357883333333,10.0420877407524,3
33,2020-03-24 05:00:00,1,FALSE,61.7799671296296,10.6966315925926,19.5930835,11.389520099423,6
33,2020-03-24 06:00:00,1,FALSE,59.8066284444444,11.7108575,19.5899455740741,11.8723876801986,6
33,2020-03-24 07:00:00,1,FALSE,54.2342167037037,13.8410851851852,14.1655535555556,9.58345008457093,4
33,2020-03-24 08:00:00,1,FALSE,45.1449580740741,16.5617835740741,6.00312775925926,4.79781924554512,5
33,2020-03-24 09:00:00,1,FALSE,40.4773687592593,16.9645830740741,1.6417847962963,1.41388573434331,3
33,2020-03-24 10:00:00,1,FALSE,37.7596894259259,17.7332666111111,0.638868518518518,0.57523282973168,1
33,2020-03-24 11:00:00,1,FALSE,34.8884555185185,19.8143820185185,0.806776962962963,0.764513525679548,0
33,2020-03-24 12:00:00,1,FALSE,29.5562676666667,23.3633372592593,1.49749157407407,1.54169676219259,0
33,2020-03-24 13:00:00,1,FALSE,27.8802227037037,24.3312255555556,2.26631874074074,2.38652951279704,1
33,2020-03-24 14:00:00,1,FALSE,27.6337522407407,24.6368785185185,3.13435653703704,3.31260625145337,2
33,2020-03-24 15:00:00,1,FALSE,26.9194957777778,25.2026405555556,3.03010081481481,3.23275649557449,1
33,2020-03-24 16:00:00,1,FALSE,31.4467348888889,23.0994532222222,7.1141465,7.14828217417624,0
33,2020-03-24 17:00:00,1,FALSE,38.3260013888889,18.8868897777778,6.91918655555556,6.21653897950173,3
33,2020-03-24 18:00:00,1,FALSE,42.4791316481481,16.5420232777778,8.61995725925926,7.1821632402087,4
33,2020-03-24 19:00:00,1,FALSE,45.3443626111111,15.9136710185185,12.8831566481481,10.2234444856256,2
33,2020-03-24 20:00:00,0,FALSE,45.6516318703704,15.7454695,13.5564088518519,10.693948039705,6
33,2020-03-24 21:00:00,0,FALSE,46.7490827962963,15.5903596111111,9.570243,7.41065545180076,10
33,2020-03-24 22:00:00,0,FALSE,48.9106550740741,15.2760347592593,4.30617516666667,3.21309459533158,9
33,2020-03-24 23:00:00,0,FALSE,50.9546661481481,15.1214087592593,5.89265385185185,4.24724811604316,4
33,2020-03-25 00:00:00,0,FALSE,51.3161115555556,15.0205998518519,6.56679948148148,4.70180648178681,2
33,2020-03-25 01:00:00,0,FALSE,53.2761044074074,14.3182882592593,13.1959970185185,9.10199584646128,3
33,2020-03-25 02:00:00,0,FALSE,52.2955381851852,13.674159,13.3002456296296,9.28355955340992,4
33,2020-03-25 03:00:00,0,FALSE,51.2875121481481,13.4593522777778,6.02228875925926,4.26800264941707,5
33,2020-03-25 04:00:00,0,FALSE,52.4048812407407,13.2594449444444,1.38255312962963,0.960411674610915,3
33,2020-03-25 05:00:00,1,FALSE,56.8845342037037,12.6059783888889,1.73207394444444,1.11063165617536,1
33,2020-03-25 06:00:00,1,FALSE,61.7782324074074,11.9919311666667,2.72658585185185,1.60136395878513,0
33,2020-03-25 07:00:00,1,FALSE,64.753593962963,12.1361447777778,2.53800046296296,1.41844611082794,2
33,2020-03-25 08:00:00,1,FALSE,63.4933385925926,12.5160172407407,4.06403853703704,2.3273413589052,1
33,2020-03-25 09:00:00,1,FALSE,63.4763325555556,12.6404314259259,4.64387081481481,2.66264001911657,0
33,2020-03-25 10:00:00,1,FALSE,64.2764863148148,13.1575964444444,5.12222101851852,2.90816441058092,2
33,2020-03-25 11:00:00,1,FALSE,61.7329325740741,14.7461616296296,3.54574855555556,2.12574212178542,3
33,2020-03-25 12:00:00,1,FALSE,59.0077643333333,15.2016597962963,6.72132425925926,4.23351916417696,4
33,2020-03-25 13:00:00,1,FALSE,58.7927921851852,15.1262710185185,9.60093311111111,6.06642349513319,4
33,2020-03-25 14:00:00,1,FALSE,58.4828487222222,14.849143037037,11.1326627777778,7.05848978385549,3
33,2020-03-25 15:00:00,1,FALSE,60.0001445555556,14.0164742407407,8.07358916666667,4.96049484934933,2
33,2020-03-25 16:00:00,1,FALSE,57.3477121111111,13.6493956851852,2.83027994444444,1.81437177237066,4
33,2020-03-25 17:00:00,1,FALSE,55.9207844074074,13.5479261851852,3.17009512962963,2.08033297762928,5
33,2020-03-25 18:00:00,1,FALSE,54.9794087777778,13.527267462963,6.96548744444444,4.64341274876608,2
33,2020-03-25 19:00:00,1,FALSE,54.5706580740741,13.6116703773585,12.5778627407407,8.44769751808456,1
33,2020-03-25 20:00:00,0,FALSE,54.4501973333333,13.4658925925926,15.9797222592593,10.7430703761714,6
33,2020-03-25 21:00:00,0,FALSE,55.3721062777778,12.1207218148148,14.4857714444444,9.49384877219302,6
33,2020-03-25 22:00:00,0,FALSE,59.1088776666667,11.1602298333333,19.4698215925926,11.8886347360707,6
33,2020-03-25 23:00:00,0,FALSE,62.4066754814815,10.8794221481481,26.6869294814815,15.3711606052853,4
33,2020-03-26 00:00:00,0,FALSE,60.0589394074074,11.4327403888889,25.8362815185185,15.5569273493623,6
33,2020-03-26 01:00:00,0,FALSE,63.4652092830189,10.1736545576923,29.5385123888889,16.6128396352817,8
33,2020-03-26 02:00:00,0,FALSE,65.8590711481481,9.53408940740741,31.1354867592593,16.7202863027578,10
33,2020-03-26 03:00:00,0,FALSE,66.315461537037,9.25473318518518,32.373292037037,17.2089924753114,10
33,2020-03-26 04:00:00,0,FALSE,65.385584,9.53096045283019,33.7780072777778,18.2858488255992,12
33,2020-03-26 05:00:00,1,FALSE,62.9649204074074,10.9469686111111,36.7590796481482,20.9834234637976,9
33,2020-03-26 06:00:00,1,FALSE,40.5846162962963,20.2883838490566,27.8687424259259,24.3739182370385,9
33,2020-03-26 07:00:00,1,FALSE,29.4029355555556,24.7502617962963,13.1659727962963,13.6332001359385,15
33,2020-03-26 08:00:00,1,FALSE,31.5145457592593,23.2818651666667,12.2409696851852,12.296288867575,11
33,2020-03-26 09:00:00,1,FALSE,34.9626412222222,21.6150534150943,21.1015648333333,20.1299170562008,9
33,2020-03-26 10:00:00,1,FALSE,36.3970764814815,21.429936037037,25.8779761111111,24.1793632486256,6
33,2020-03-26 11:00:00,1,FALSE,31.5961529444444,25.261278754717,19.5593889074074,19.7340670801226,8
33,2020-03-26 12:00:00,1,FALSE,30.4962543333333,25.9977666111111,11.5806528518519,11.8657537036116,7
33,2020-03-26 13:00:00,1,FALSE,29.3880816481482,26.9292655925926,6.043417,6.28701382202963,6
33,2020-03-26 14:00:00,1,FALSE,30.433287037037,26.5073707407407,4.54190785185185,4.66179210003858,4
33,2020-03-26 15:00:00,1,FALSE,35.7139225185185,23.5733562407407,3.773705,3.58690042322138,5
33,2020-03-26 16:00:00,1,FALSE,44.8741552037037,19.3844349259259,6.505175,5.30164833191674,6
33,2020-03-26 17:00:00,1,FALSE,49.7057326111111,17.7091534074074,7.46342403703704,5.57757809836917,4
33,2020-03-26 18:00:00,1,FALSE,49.118303962963,17.4947259074074,4.73126214814815,3.56574341005694,5
33,2020-03-26 19:00:00,1,FALSE,49.5112951666667,16.9286532777778,5.67943818518518,4.23914433910918,4
33,2020-03-26 20:00:00,0,FALSE,50.949490962963,16.5805382222222,5.63295107407407,4.09758482222777,5
33,2020-03-26 21:00:00,0,FALSE,50.4524525306122,17.0432186938775,7.13239246938775,5.24532332214431,8
